rsid	chromosome	position	genotype
rs3094315	1	742429	AA
rs12562034	2	758311	GG
rs3934834	3	995669	CT
rs9442372	4	1008567	AA
rs3737728	5	1011278	AG
rs11260588	6	1011521	--
rs6687776	7	1020428	CC
rs9651273	8	1021403	AA
rs4970405	9	1038818	AA
rs12726255	10	1039813	AA
rs11807848	11	1051029	CC
rs9442373	12	1052501	CC
rs2298217	13	1054842	CC
rs12145826	14	1055892	AG
rs9442380	15	1077546	CC
rs7553429	16	1080420	AA
rs4970362	17	1084601	AG
rs9660710	18	1089205	CC
rs4970420	19	1096336	AG
rs1320565	20	1109721	CC
rs11260549	21	1111657	AG
rs9729550	22	1125105	CC
